Review,Rating
"Легко, быстро и хорошо!",1
"Я не вижу ничего хорошего в этом рецепте !!!!",0
"Это было легко, и всей моей семье понравилось",1
"Очень хороший простой рецепт. Рецепт, который имеет правильные ингредиенты",1
"Используется в последнюю минуту, и все наслаждались.легко сделать.",1
"Выглядит отлично",1
"О да - определенно одна из моих любимых вещей, чтобы выпить",1
"это было ужасно!Как картон!",0
"Это невероятное блюдо, легкое, быстрое, у меня было время готовить и развлекать.",1
очень хороший.Мне определенно придется сделать это снова на Рождество.,1
не очень хорошо.не много вкуса.,0
Слишком много шагов здесь,0
"Это было здорово, и легко сделать, мне это просто понравилось.",1
абсолютно вкусно.Стоит ожидания.,1
"Эта сальса такая свежая дегустация и фантастика, любой, кто пробовал это, любит это !!!",1
"Вкусно, легкий и простой.",1
"Я вообще не понял этого вкуса.",0
"Это очень хорошо и быстро.",1
"Действительно легко и хорошо!Еще лучше, как остатки!",1
Слишком много арахисового масла ... больше похоже на лапшу с арахисовым маслом.,0
"Это было не очень хорошо, скорее плохо.",0
"Недостаточно сладкий, не то, что я ожидал вообще.",0
После рецепта я получил очень резиновое тесто.Хотел бы тоже более сильный лимонный вкус.,0
"Я использовал оливковое масло Lite и увенчанный свежим крошечным беконом, очень хорошо",1
"Первый веб -сайт, у которого был рецепт !!!спасибо вам!!!!!",1
следовали инструкциям и все еще плоские поповер.Я продолжу поиск идеального Попвер.,0
"следовал указаниям точно.Но мы думали, что это был «странный» вкус.Можно ли быть моей маркой помидоров?",0
"У техасского чили нет бобов, особенно сладкого перца.Где есть jalepeno?",0
Потрясающий рецепт для булочек с корицей ... быстро и легко,1
Рецепт не имеет четких указаний о последовательности теста.Вафли оказались как хлеб.,0
Я добавил нарезанный сладкий лук и пережил блюдо со стола моей бабушки.Поистине замечательно!,1
Дети любили смотреть кристаллическую форму!Мы добавили пищевого цвета в этот рецепт для развлечения.,1
"Это рецепт коктейля из креветок, который я искал.Спасибо.Это сделало замечательную закуску.",1
"Это самый простой пирог, чтобы испечь его действительно хорошо, я очень скоро выпекаю его",1
"Очень мило, хорошо раздавать, когда на праздничных собраниях много детей.",1
"Это была моя первая попытка в кексах с нуля, и они были потрясающими!Легко сделать тоже!",1
"Очень просто сделать, моим детям это понравилось!",1
Действительно приятно. Мне нравится идея использовать миндаль вместо более обычных пиненов в этом песто.,1
"Это было действительно легко сделать, и это отличная дегустация.Сделай снова в следующем году!",1
Это отличный легкий десерт !!Три больших пальца!,1
"действительно замечательно, рецепт делает 12 кексов",1
это ужасно.не тратьте пасту.,0
не хватает вкуса.,0
"Я думаю, так не готовит в ресторанах Я бы не попробовал ... извините",0
"Легко сделать, но странно !!!!!!!!",0
"Просто потому, что кинро добавляется, не делает его мексиканским кусочком!",0
Мне это не понравилось!не было вкуса .. просто горячий!,0
"Это было восхитительно",1
"Очень вкусно, мне также придется сделать это на Рождество.",1
"Абсолютно восхитительно! Я думаю, мне, де, я бы хотел попробовать маринад со свиными отбивными.",1
потрясающий!Очень легко и вкусно.,1
Но тебе нужно 2 картинки,1
Это хорошая быстрая еда в спешке.Я нарезаю картофель.,1
"Мне жаль, но это не понравилось моей семье, и мне пришлось отбросить большую часть ее.",0
Мы заменили крекеры Ritz Cheddar.Детям это понравилось!хранитель.,1
лук и виски одолели соус.не совсем похоже на tgi по пятницам marinade.,0
Еще один победивший рецепт от фантастического веганского шеф -повара!,1
"Последовательность была слишком мягкой.Отлично, если вы не возражаете против сырного пирога.",0
"Отлично, так же, как рецепт оливковых садов.",1
Нам не понравился вкус соуса.,0
Очень легко сделать и вкусно.В следующий раз я попробую разные фрукты.,1
Этот рецепт не хорош.Очень плохие инструкции.Торт был большим провалом!Я должен был выбросить это.,0
Этот рецепт был ужасным!На вкус он был только как уксус.Я бы не рекомендовал этот рецепт.,0
"Брилл, мне 13с, и я мог бы с легкостью сделать это",1
Это закончилось слишком соленым.Я бы предложил мариноваться только в течение 2-3 часов.,0
это было здорово!У моих гостей были 2 -й и 3 -й помощи.,1
"Думаете, в этом блюде достаточно чеснока?да!!Deelish !!!",1
"это может быть легко, но это не очень хорошо.рагу не о чем беспокоиться.",0
"Думал, что это было потрясающе!",1
Прекрасный и влажный.,1
Соус действительно ничего не сделал для мяса.Было очень легко подготовить.,0
"Абсолютно лучший мясной рулет, который я когда -либо ел!вкусный!",1
"Еще не пробовал, но это должно быть здорово!",1
"Мне нравится этот рецепт, это так легко, когда у вас есть дети.Просто смешайте и подайте.",1
печенье было торт в текстуре и не имело вишневого вкуса.,0
"Вкусно и легко.Это определенно будет хранителем в моем файле рецептов.Спасибо, что поделились.",1
"ух ты!это замечательно!Спасибо, что поделились этим!",1
Это просто вкусно!Даже моим детям это понравилось!,1
"Извините, но это было очень жирным, а не хрустящий жареный десерт, я ожидал.",0
"Это было так хорошо.Я думаю, что каждый должен попробовать это немедленно.Вы не будете разочарованы !!!",1
"Это фантастика!Очень сочный и нежный, а кленовый сироп не подавляет.я очень рекомендую!-Мэри",1
"Я предполагаю, что газированная вода является водой Seltzer.Мне не понравился этот рецепт.Очень кислый бла -бла.",0
"это не так хорошо, даже дети плакали, они не хотели его есть",0
ужасный.следовал указаниям до T.не съедобный.,0
"Это просто ужасно.Мне нравится моя еда ""rrrreal rrrraw"", но это просто ужасно.поверь в это!",0
"С более чем 2000 мг натрия человек, который едят, это практически совершает самоубийство!
нет, спасибо!",0
"Используемый кориандр, а не кинза, как должен был рецепт.Слишком соленый, чтобы даже больше наслаждаться.извини-",0
У меня было лучше.Я буду искать лучший рецепт,0
"совсем не хорошо ...
хм.:(",0
"очень очень плохо.
Это, вероятно, из -за большого количества сахара.",0
"Это было невероятно! Я никогда не пробовал такой вкусной еды! Рецепт просто изумительный, обязательно сохраню его.",1
"Восхитительно! Спасибо за прекрасный рецепт, который порадовал всю нашу семью. Теперь это наш любимый семейный ужин.",1
"Очень вкусно! Все ингредиенты были свежими и ароматными. Рецепт был простым и понятным, что облегчило приготовление. Спасибо!",1
"Идеально! Все были в восторге от этой еды. Рецепт оказался легче, чем я думал, и все получилось с первого раза. Спасибо большое!",1
"Невероятно вкусно! Этот рецепт стал нашим новым фаворитом. Все было свежим и ароматным, а вкус просто незабываемый.",1
"Замечательно! Еда была не только вкусной, но и выглядела потрясающе. Рецепт простой и доступный, теперь это наш новый праздничный ужин.",1
"Великолепно! Все гости были поражены этим блюдом. Рецепт не только прост, но и выглядит фантастически. Спасибо огромное!",1
"Потрясающе! Это был самый вкусный ужин, который я когда-либо пробовал. Рецепт легкий и быстрый, обязательно буду готовить это блюдо снова.",1
"Браво! Я не мог поверить, насколько вкусной оказалась эта еда. Рецепт превзошел все мои ожидания, спасибо большое!",1
"Фантастика! Это блюдо стало настоящим хитом на нашем последнем ужине. Рецепт был легко следовать, и еда получилась просто изумительной.",1
"Я не знаю, что не ел!или сделай это, в этом отношении ...",1
"было слишком много масла и базилика ... я думал, что это оказалось абсолютно ужасным",0
мне действительно не понравился этот рецепт.мускатный орех испортил все это!,0
"Это печенье вкусно.Мускатный орех - это то, что делает их такими хорошими.Настоятельно рекомендую этот рецепт.",1
Мы продаем это в нашей школе как сбор средств.Мы называем это бульдог чау.,1
Очень легко и приятно!,1
Я был разочарован этим рецептом.Это вышло тяжело и не очень хорошо вкус.:(,0
"моя семья чувствовала, что это было мягко, недостаточно аромата.",0
это богато!это чудесно!Один из моих любимых десертов!,1
"Это отличное блюдо - здоровое, простое и очень вкусное!",1
"Это превосходно!
Хорошая дегустация, красивая и густо,
Вы можете съесть это с вилкой !!!",1
"Я нашел это слишком горьким, я думаю, нужно больше Splenda.Хорошая попытка.",0
"Вкусно и легко.Универсальный рецепт, который можно использовать для многих блюд.Спасибо, что поделились.",1
"Из всех онлайн -рецептов, которые я попробовал недавно, это было худшим.чего-то не хватает.",0
Быстро и легко сделать вкусы очень красиво,1
"Я думал, что этот маринад был слишком сильным ... не будет снова ...",0
"Я думал, что это звучит довольно хорошо, но нам это не понравилось.извини.",0
Это было очень вкусно.,1
"очень губча.Это была очень странная текстура, и вкуса тоже не было.",0
На вкус даже после консервирования .....,1
Польские люди никогда не ополаскивают свою квашню.Вот почему этот рецепт оказывается мягким.,0
"Очень хороший, замечательный ужин во время холодных ночей.",1
Очень просто сделать и вкусно!,1
"Я сделал это, и это развалилось",0
легко сделать.Нам всем это не понравилось.что -то было очень подавляющим.,0
При всем уважении ... ты!,0
"Это было очень легко, и нам это понравилось.",1
"Извините, я вообще не заботился о соусе.",0
"Я сделал это для семейного собрания и
Это не был большим успехом.Слишком уксус.",0
"Я порезал лук наполовину, слегка обжаривал и использовал чесночный ароматный рисовый уксус - вкусно!",1
слишком много лимона,0
"Этот рецепт настолько прост и настолько хорош, что просто потрясающе",1
"Отличный легкий рецепт!Я заменяю 5 ст.Спасибо, Диана, еще один победитель",1
"Ирландская еда не имеет помидоров!
Я из Дублина, я знаю!",0
"Это не гель, хотя я следовал указаниям к «т»",0
"очень *более *моя дочь любила их, семена кунжута придают приятный вкус и хруст",1
Отличный десерт заварного крема и очень легко сделать.Все это нравится,1
"было очень легко и очень хорошего, я снова заработал, я положил его в кастрюлю",1
не хорошо.Я согласен с 1happygirl до конца.,0
"Это сказочно!Держите нас в курсе таких замечательных вещей, как этот !!",1
абсолютно вкусно.Я подал его с пастой.,1
"Вы также можете поместить его обратно в контейнер Icecream и заморозить, чем съесть яблочным пирогом",1
"ух ты!Это идеально, сделал это, любил это, съел все это!",1
"Юк!мне жаль.Я только что сделал партию этого, немного и выбросил остальных.",0
"Отличный вкус, особенно луковый соус.Я обязательно сделаю этот прием снова.",1
не просто влажный - сыхой,0
Удивительно и супер влажный.,1
Просто слишком сухо !!!Это совсем не понравилось.,0
просто сделать.абсолютно потрясающе есть.,1
Слишком острый для меня.,0
великолепный вкус!Я добавил красный и зеленый перец.восторженные отзывы от друзей.,1
много лимона !!!Очень плохой вкус,0
"Колбаса была слизистой!Я не думаю, что буду повторять это.",0
"просто и вкусно.Важно получить хороший кусок лосося - большинство из них, если он свежий!",1
"Легко сделать, но никому в моей семье не нравится.Смесь супа сверху была ужасной.",0
вкусный.Для вариации я использовал два английских огурца вместо 3 обычных огурцов и опытный рисовый уксус.,1
"Мне нравились эти ягненка.Попробуйте превратить их в котлеты и служить гамбургером на булочке!Мммм спасибо, Лоран",1
ага!Запьйте эту вишню!*ржу не могу*,1
"абсолютно замечательный!Я ущипнул тесто вместо того, чтобы кататься (легче таким образом)",1
"Очень красивый и прекрасный цвет, я заменил 1/2 бульона для белого вина.",1
"Хит с семьей и очень, очень влажным.Я удвоил соус, так как мне нравится много соуса/глазурь.",0
"Эти печенья развалились, когда я их разрезал.Я должен был выбросить их!",0
отличный!!Хотя 25 минут было недостаточно .. Я бросил его в течение дополнительных 10 минут ...,1
"это звучит хорошо, однако, она не дает соотношения для ингредиентов.",0
"Отличный перец чили для всей семьи, чтобы насладиться, и это очень весело делать с детьми.",1
"Это звучит восхитительно, я собираюсь попробовать это сегодня вечером!Спасибо.
Линн Реммерс - Австралия.",1
"Так красиво, тебе просто нужно попробовать их !!",1
Я сделал это вчера.очень хороший.,1
"Ммм, очень хороший способ приготовления спаржи.",1
"Я приготовил это блюдо с органическими овощами и - ну, вау !!очень ароматный и насыщенный.",1
Мы не заботились о сапожнике.Я добавил дополнительные свежие ягоды и больше сахара.Просто разочаровывает.,0
"Извините, но этот суп не сделал нашего семейного рейтинга.Просто не понравился нашим вкусам.",0
Бедный Уолт ... какой ты мир от тебя / стыд на тебя,1
"Моей семье действительно нравится соус для барбекю, но они попросили меня не делать это снова.",0
Замечательно и очень легко сделать.Некоторые рестораны подают их с медом для погружения !!!вкусный!,1
"отличный.
Я бы уточнил масло.
Не забудьте о черном перец и щепотке кайенского перца.",1
Это действительно не сработало для нас.Извините1,0
"Извините, но я точно следовал рецепту, и я нашел этот соус зернистым и довольно мягким.",0
"кощунство
Это не кодлдл
Я из Дублина",0
ужасный!Нам это совсем не понравилось.,0
истинный ключевой пирог из лайма сделан из ключевых лаймов.,0
"Отличная дегустация, простая в создании и не дорогое - хорошая, быстрая семейная еда.",1
"Я точно следовал рецепту, и он просто ничего не сделал для моих вкусовых рецепторов.",0
Они были очень сухими.У них не было никакого вкуса.Я больше не буду их делать.,0
"Извините, последовал рецепт футболки.Соус был слишком толстым и на вкус - слишком много томатной пасты.",0
Это было действительно хорошо.Это было просто и просто.Браво шеф -повару!,1
"извините, но я думаю, что ваша идея плохая 8 против 2 просто победы",0
"Этот рецепт был недавно напечатан в LA Times с более подробной информацией: http://www.latimes.com/features/food/la-fo-calcookrec6-2aug06,0,4793488.story?coll=la заголовок",0
"W0W!Это красиво, очень наполняет, делает для еды сама по себе!",1
Отличное гарнир в жаркий летний день.,1
"Было бы хорошо, если бы вы сказали, как их приготовить, и как долго",0
"Очень хорошо, обязательно попробовать.",1
Эти пирожные были ужасны.В итоге я выбросил всю их кастрюлю.извини.,0
"Я делал этот рецепт годами, но формировал его в шарики, прежде чем погрузиться в шоколад.Небесной!",1
Сток -аромат был подавляющим.,0
"Абсолютно замечательно, обязательно попробовать.",1
"направления должны быть более четкими, а куриная смесь кажется мягкой ...",0
"Извините, но это было больше похоже на говяжьего строганоффа, чем на лазанья.",0
"кажется хорошей идеей, но она не приготовила хорошую еду и было очень жирным",0
"Не в том белом сыре, который у меня был в подлинных мексиканских ресторанах.очень разочарован.",0
"Извините, не понравился этот рецепт.Цыпленка вышла из перевара, а семьей не нравился соус.:(",0
Я любил это.,1
"Я сделал это именно так, как написано.Это было ужасно, слишком солено и мягко.не сделает снова.",0
Я недавно попробовал этот рецепт и получил восторженные отзывы от семьи и друзей!,1
Рамен не Соба.EWW.,0
"говяжий фарш?!?очевидно, что понятия не имеет, что такое sos.",0
У меня есть два слова для вас: обратитесь за помощью.,0
"Муж подумал, что это самые великие печенья из всех",1
ным прохладный вкус просто правильно,1
"суп просто сосо, я просто больше не делал бы",0
Это блюдо сказочное.Нам всем это понравилось.,1
определенно нуждается в сахаре,0
"Ничего подобного JCS.Они не очень хорошо держались.Но я использовал калькулятор, чтобы сделать рецепт меньше",0
"Извините ... это было совершенно несъедобным, и мне пришлось выбросить его.Вы уверены, что измерения верны?",0
очень хороший.Я заменил 1 томатный суп на 1 8 унций банки томатного соуса.Сделал контрасты слаще.,1
Превосходное блюдо с комфортной едой!,1
"Это ""вау"" !!",1
Я не заботился об этом вообще.Вкус на вкус как несвежий кофе для меня.,0
"напоминает мне о жидких лекарствах, которые моя мама должна была заставить меня принимать.",0
Эй ... ты забыл на стене ... *Джинн *,1
"перец был мягким и на вкус как просто уксус.я новичок в этом, но следовал указаниям?!?!",0
это не впечатляет,0
ты,1
Они не полностью жарили посередине и имели резиновую текстуру после охлаждения,0
Тонь!Определенно не сделает это снова!,0
"Очень легко собрать, но база не очень красива.",0
"Я был очень разочарован вкусом и последовательности.на вкус как замороженное молоко, а не мороженое",0
Чудесно замечательно и милая в вкусовых рецепторах!Настоящее угощение языка!Но посмотрите на живот !!,1
Не используйте для них смесь шоколадного торта.очень мягкий ....,0
Не очень хорошо для нас.,0
"Еще не пробовали рецепт, но звучит великолепно, так как все доступно в Зимбабве.",1
Я вырос с этим гарниром и часто подаю.это тоже очень датское,1
"Легко сделать, недорогой, отличный вкус.Чоризо действительно добавляет блюдо, которое на вкус как тамалес.",1
я нашел соус очень жирным и не очень ароматом.нужно много работы.,0
"это замечательно.Хорошая работа, Кэрол!",1
"Я сделал это для моей девушки, и она абсолютно любила их;)",1
"Быстро, легко и вкусно!",1
"Хлеб оказался липким внутри, и дети ненавидели его.",0
"Отличный удар.Мы не пробовали это заранее, но это получило восторженные отзывы от всех участников.",1
"Это потрясающий падение, мне пришло время сделать это на ужин в горшке
мой жилой комплекс.",1
Отличный рецепт мне это нравится,1
"Лучший рецепт для пирожных, которые я когда -либо находил.",1
"мягкий рецепт, лучше как остатки.",0
Одно утверждение для этого салата. Delicious!,1
Отлично .. моя семейная любовь - это ... вкусно.,1
"Я точно следовал рецепту и закончил печеньем, а не печеньем",0
Отличный рецепт.Что -то другое с яйцами ... мы завтрак ....,1
Бла!Это было абсолютно ужасно!,0
Нужно немного больше вкуса.,0
"Я использовал свежий чеснок.Я подал отбивные с греческим салатом, рисом и соусом цацики.выдающаяся еда.",1
Это блюдо превосходное!,1
Хммммм лучше всего,1
"Этот рецепт отличный, я делаю его почти каждую неделю",1
"Отличный рецепт.Соус фантастический.Мы не можем ждать, чтобы сделать это снова.",1
"Легко следовать рецепту.Замечательный вкус.Не было проблем с тортом или черникой, прилипными к сковороде.",1
"Это было очень вкусно, и мне понравился цвет.",1
использовали рецепт несколько раз.внуки любят их!,1
Одна порция этого хлеба = 1 обмен диабетом хлеба,1
"Моей семье это понравилось.более свежее, чем любые попперы.Возьмите некоторое время подготовки, но того стоит.",1
"Извините, просто не понравилось это блюдо.Попробовал версию с курицей и понравилась.",0
большинство фрикадельков чувствуют себя отдельно.приправа была слишком легкой.,0
"точно следовали указаниям и обнаружили, что они полностью сухие и безвкусные.извини.",0
"Что ж, дай мне посмотреть.Как вы можете испортить свиную отбивную?",0
Где Анчоусы?Это не заправка Caeer без анчоусов!,0
Не очень ароматный ..... определенно не будет готовить это блюдо снова,0
"Не так здорово, мне было лучше.",0
"Лучше, чем любой, вы можете получить в ресторане!",1
"мы использовали сахарную папута под названием
splenda, и это было великолепно",0
Превосходный соус.Я сделал это для всей моей семьи.,1
"это замечательно!Я проснулся от отличного аромата, исходящего с кухни, и готовый продукт был очень вкусным.",1
"Это один из лучших рецептов для отличного буррито, который у меня был!
Гвен Рейнольдс",1
"Это не будет считаться диабетом, со всеми этими углеводами!",0
"это большая ошибка.Пахло великолепно, вкусный цепкий.очень мягкий.Не беспокойтесь.",0
Это отличная закуска.Легко сделать и вкусно получить,1
"Я попробовал в Вустерширском соусе в рецепте, но решил оставить его в следующий раз.",0
"Лапша не держалась вместе, развалилась, когда она была снята из кексовой кастрюли!",0
Вкус такой ужасный ?????,0
"Эй, мама! Печенье великолепно !!!",1
"Мне нравится этот рецепт, как и каждый, кто каждый пробовал ...",1
"неясно, что делать с яблоками и т. д.",0
Вкусно !! Стоит беспорядок!,1
Было очень вкусно.И очень легко.Даже маленький ребенок мог сделать это.,1
Замечательный торт и так легко сделать его очень влажный торт,1
"Мне больше нравится с французским ванильным пудингом.Текстура слишком тонкая, не очень похожа на пудинг.",0
"это действительно не то, что мы думали, что это будет ...",0
это очень хорошо!!Я даже погрузил крендели в этом.,1
"Даже не близко к тому, что служит Кобе.Их рецепт можно найти на сайте www.japanese-steakhouse-bite-sauce.com",0
я люблю это!,1
"Смесь некоторых из моих любимых вещей, понравилась этот рецепт, спасибо за публикацию.""=""",1
"Мне это не очень понравилось, мне просто нравится просто вареная капуста",0
Это было легко сделать и на вкус идеально!,1
"Точно так же, как моя бабушка, но иногда она.",1
Слишком соленый и не хватает удара.Тонь!,0
У этого рецепта вообще не было вкуса.не сделает снова.,0
"Этот рецепт в рот полив любил каждый укус

 подал его с белым вином.",1
"это было ужасно, я следовал указаниям к т, но в итоге он стал тяжелым кирпичом.",0
"Абсолютно вкусно.из Линн, Квинсленд, Австралия",1
"отличные рецепты,
Мой отец непостоянный пожиратель, но он любил рис. Поддерживать хорошую работу ..........",1
"Абсолютно замечательно, лучший рецепт брауни, который я когда -либо пробовал.",1
отличный!Я использовал свежий шпинат и лапшу.,1
Нам это совсем не понравилось.,0
"очень хороший.Спасибо, что поделился!",0
"nescafe?этот напиток, вероятно, очень хорошо сочетается с ding dong.",0
"Только что сделал это, и это абсолютно красиво, так легко сделать - стоит попробовать",1
"Мы очень рады!На вкус, как Zuppa, мы получаем в Olive Garden.Спасибо!

Ларри Судерс",1
"очень пристрастие!:-)
заставил их пойти с лазанью.",1
"Мне жаль, что это не сработало для меня.У меня сгорели крошки молока в конце :(",0
"Это отличная зимняя разминка.Сердечный, вкусный и простой в подготовке.Еще лучше второй день!",1
"Это отличное печенье, пахнет вкусным в духовке и еще лучше!",1
eeekk .. это катастрофа!,0
"Сделал это на свадьбу дочери, отличный хит !!",1
"Это необходимо пропустить для всей моей семьи.Мы попробовали это, но не понравился рецепт.",0
"Поистине замечательно, чувствуйте, как есть их всех за один раз :)",1
Этот рецепт действительно привлекателен!,1
Не очень суетился по этому поводу.Вся семья нашла немного горько от лимонного сока.,0
"Они оказались очень хорошими!Мне нравится моя жевательная, поэтому я внимательно следил за временем выпечки.",1
"Если вам нравятся устрицы, это отличная альтернатива регулярной, скучной начинке.",1
"Я обнаружил, что этот рецепт на вкус еще лучше на следующий день.",1
Я использую свежий ананас «раздавлен в кухонном комбайне. Маффины легкие и влажные;,1
Я был очень разочарован.Нет вкуса и очень жидко.,0
Это отличный рецепт ... сделайте впереди и жарьте перед подачей на стол.Моим друзьям это нравится.,1
"Извините, но я последовал за этим письмом, и результаты были положительно без вкуса.Почти несъедобно.",0
Оооочень вкусно и хорошо ... один из моих любимых.,1
Все это нравится.,1
"Это на вкус, как то, что делает моя мама.Это отличный рецепт сквоша!",1
"Если вы используете бальзамический уксус, это будет неприятный коричневый беспорядок.",0
Отличный прием!Я добавил кокосовые хлопья.,1
"Очень вкусно - это был хит как молодых, так и старых.Это также легко подготовить.",1
Это нужно что -то ... может быть.,0
"Я следовал рецепту буквы, и вкус похож на водянистый уксус.",0
Полностью не согласен с Уолтом .. это превосходно!,1
"Это было абсолютно замечательно.Я не могу дождаться, чтобы попробовать еще раз!",1
Это деилис!,1
"Извините, но соус был слишком тонким и не придерживался ребра.Мясо тоже не упало с кости.",0
"Я попробовал это, и это было действительно замечательно.
Радж",1
Нужно больше инструкций.,0
"очень легко, но слишком много корицы, и это было слишком мило.",0
"Это похоже на Halva, которую я регулярно делаю.Я скоро опубликую :)",1
"Извините, я точно следовал этому рецепту, и никто в моей семье заботился об этом.",0
"Это был способ сладкого, и это разрушило вкус свинины",0
"Это было вкусно и легко было красным, как я, чтобы сделать ...",1
Я попробовал это.Никто в моей семье не нравится.Путь к многолупласти.Пришлось выбросить все это!,0
"сделал этот рецепт, и это было ужасно.",0
"Я использовал больше чеснока, чем это требовало и овостовал сыр пармезан.действительно хорошо.",1
"очень разочарован.мягкий, не вкусно.замороженные зеленые бобы просто лежали там.",0
Это отличное удовольствие и легко сделать !!!!!,1
"Очень хорошая пустыня, влажная и просто подходящая сладость.Я использую его, когда ревень в сезон.",1
Отличная апрельская шутка на день дурака для детей!довольно легко сделать.,1
"Что я могу сказать, это очень просто и очень хорошо.Детям это понравилось",1
"Это был большой удар в нашем доме.Мы оставили кинзу, нам это не очень нравится.",1
Ничего особенного с этим рецептом.,0
очень сухой.не сделает это снова.,0
"Нам это не понравилось ... не уверен, почему, просто не наш вкус.",0
"попробовал это и нашел это действительно мягким, я думаю, что буду придерживаться обычного метода",0
"Это было абсолютно замечательно, но я использовал свежие бобы вместо замороженных.",1
"Это также не говорит, когда добавить молоко.Я не удосужился сделать это",0
жирная и противная,0
"Этот рецепт выдающийся, он застал меня врасплох над тем, насколько вкусно это было спасибо рецептузар",1
Любой может поставить заправку на курицу ... просто соль и перец тоже делают хорошую курицу.,0
звучит отлично.Я бы снял с собой базилик и поместил его прямо на помидоры.,1
"Прекрасная и легкая, замечательно!",1
Gloppy и Crabmeat были потеряны в миксе.,0
Я предпочитал тихи,0
"слишком сладкий.Я был чем -то, что понравится детям, а не взрослым.",0
"Спасибо за предоставление этого рецепта.Я дам вам знать, как клиенту понравилось.",1
"восхитительно и очень более.Мне понравилось, у меня есть другая версия, но это не так вкусно!",1
Они замечательно - идеально подходят для сладкой закуски или на завтрак!,1
не заботился об этом.Слишком много тимьян Имхо.,0
Это действительно здорово.Вы должны использовать свежий базилик;Высушенные просто не разрезают.,1
ужасный!Абсолютно ужасно!Oreos или хлеб.Выбери один.Определенно не рекомендуется объединять вместе.,0
Этот хлебный пудинг был восхитительным.,1
"Весело делать, но не все было так здорово.",0
"Большое спасибо за этот замечательный рецепт, это более чем хорошо",1
это как резина.,0
"Я позволил этому сидеть в холодильнике более недели, и аромат был давным.Я точно следовал указаниям.",0
"Мы использовали миндаль, недостаточно сладкий для меня и моего стада",0
"Я думал, что это плохо !!!!!",0
"Я использую консервированные персики, нагреваю их сок и все.",1
"очень хороший !!!Так же, как то, что у меня было в китайских ресторанах.Спасибо, Берга !!!",1
"Легко сделать, влажный, вкусно!Идеальный летний десерт!",1
"Я попробовал зеленый горох, и это было еще лучше !!",1
"Я опустил перец, и это было все еще превосходно.",1
"Моему мужу это понравилось, спасибо !!",1
этот рецепт нуждается в небольшой помощи!,0
Yum - действительно хорошо!,1
"Один из основных ингредиентов отсутствует, который представляет собой 1 ломтик свежей лайма сжимается.",0
"Это абсолютно вкусно.Я даже подал его с ломтиками извести, чтобы вы могли сжать больше кислоты.",1
Это очень хороший рецепт!Это не рассыпча или сладкое!Так просто сделать и вкусно!,1
Это было слишком мило на мой вкус.,0
это замечательно!Вы также можете использовать специальные k или кукурузные хлопья.,1
"Легко, вкусно и замечательно!",1
Сам Эмериль не мог построить более со вкусом восторг.,1
"Я опустил йогурт, и это было действительно вкусно с пакорами.",1
"Сделал это для встречи, и ничего не осталось!
замечательный!",1
"Этот рецепт оказался действительно вкусным, но «фантастический» до сих пор не слова.",1
Не был слишком взволнован вкусом.Хотя это было очень влажно.,0
Этот рецепт отличный и легко сделать.,1
большой!легко сделать.,1
"абсолютно невероятно!Я масштабировал это немного, хотя!",1
"Запах этого, когда он в духовке! .... вау .... это деликатный !!""=""",1
Монте -Кристо?нет!,0
Мне это совсем не понравилось.,0
я сделал это на уроке экономики школьного дома.это оказалось отвратительным!,0
"Это не сработало для меня, что я здесь сделал не так?Яйца развалились на меня.",0
"Извините, что это не для меня.Моим детям это тоже не понравилось.Казалось, не хватает вкуса.",0
это было очень легко сделать и verry gooooooooood,0
Вы также можете использовать замороженные смешанные овощи вместо сладкого.,1
Я тоже люблю это .....,1
бла !!Не тратьте муку!,0
"Если вы надоели одни и те же гарниры, это, безусловно, выжимает вещи.Моей семье это понравилось.",1
"Это действительно отличный торт!Иногда вам нужен перерыв от нормы, это будет хорошо.Быстро, легко, очень вкусно.",1
"Вау, это было превосходно и просто.",1
"это замечательно!!!!Сладкий, богатый, абсолютно вкусно !!",1
"абсолютно замечательный.Кстати, я люблю сыр фета.",1
"Сделанной суммы недостаточно, я сделал 4 раза, все пошло!большой!",1
Какая трата ингредиентов,0
не много усилий.,0
"Извините, но это было слишком сладко для нашего вкуса.",0
"Это хорошо.дал мне энергию, которая мне была нужна!",1
"Норин Рак
Это фантастический рецепт, и я планирую подготовить это к компании.Очень здоровый и привлекательный.Спасибо!!",1
"Это не Гисадо, больше похоже на Picadillo con Papas.",0
Это смягчило день и добавил к роману в воздухе :),1
"я думал, что это было нормально.алисия !!!",0
Это было действительно мягко и безвкусно.,0
"Извините, но никому не понравился вкус этого.",0
"Извините, но комбинация вещей просто не обрезала это для нас.Мы вышли на пиццу.",0
Лазанья тортилья была отличным блюдом!Это было еще лучше с сметаной и черными оливками на вершине.,1
«Восхитительный» - это преуменьшение!Я обслуживаю их для компании!Горячая кошечка!,1
очень хорошо и влажный,1
Этот рецепт был очень легко сделать.Мне действительно понравился аромат вкуса.,1
"это не рецепт барбекю для свиных отбивных, как указано в названии того же.",0
"Извините, мне не понравилась комбинация ароматов.",0
этот соус был слишком сладким для меня.,0
Это было не съедобно - слишком солено.,0
"Извините, что мне пришлось выбросить это.Моей семье не нравился чрезмерный вкус горчицы.",0
"ух ты!Это прекрасно, так вкусно!Спасибо, что поделились этим !!!",1
"Это замечательный рецепт!Единственное, что я подал, это чесночный хлеб!(Это было очень наполнено)",1
Блестящий! Я добавил 1 ст.Спасибо,1
"Этот рецепт был настолько хорош, что я не мог перестать есть, лол
Спасибо",1
поразительнй!Не слишком тяжелый и не слишком сухой.Сохраняйте польские рецепты!,1
Это отличный рецепт .. Я использовал кулинарный спрей вместо масла,1
Очень легко и вкусно.Добавление немного соевого соуса дает немного дополнительного удара.,1
"Много -много чеснока, что было лучшим!",1
Я нашел этот рецепт очень мягким.,0
"Без обид, но это ужасно, и это было бы добрым.",0
"Мой не утоллся достаточно, и я точно следовал рецепту.",0
"Извините, но это было совсем не хорошо",0
"Я отлично следовал инструкции ... совершенно безвкусно.Извините, просто совсем не хорошо.",0
Это просто не прошло вообще в моем доме .... сладко.Спасибо за рецепт.,0
"Мне это нравится, очень легко, все уже под рукой.потрясающий!",1
"Это было очень вкусно, я добавил к нему TSP свежес террившего имбиря.",1
Слишком уксус и сжигание в рот для меня.,0
Замечательный торт. Он также очень хорош с датами вместо чернослива.,1
"Извините, уксус был слишком сильным.",0
Отличный рецепт!Потрясающий вкус !!!,1
Лимонные бары были легкими и были хитом с моим гостем.,1
"О, я сделал это сегодня ... и это восхитительно!",1
мягкий и плохо.,0
"Кажется, в этом рецепте отсутствуют некоторые инструкции.Они прилипали к кастрюле, и их было трудно удалить.",0
"не повезло с этим рецептом.сгорел, сгорел, сгорел.",0
Это было абсолютно вкусно!,1
Очень хороший рецепт и легко исправить.Моей семье действительно понравилось.,0
"Моей семье это понравилось!Я удвоил смесь муки, и это сработало очень хорошо.",1
"это отвратительно.Так плохо, мой муж не мог закончить еду.",0
"Извините, это совсем не понравилось",0
"Да, это действительно лучший банановый хлеб!",1
это печальный способ убить гриб.,0
ух ты!!!Египетская еда !!!прохладный!!!,1
"потрясающий!Возьмите семена из халапеньо, чтобы сделать его мягче, оставьте их, чтобы сделать его горячее.",1
"Одно из лучших рагу, которое я когда -либо ел (и я ел много рагу)!",1
"Я сделал это на выходных, семья, и мне это понравилось!Спасибо",1
ингредиенты дороги,0
Соус был не очень жидким - в основном паста.,0
"Я искал время для блинов, как «моя старая бабушка», чтобы сделать, и это все.",1
Интересно и другое.очень хороший рецепт.,1
"я думал, что это было очень мягко.",0
Это крутые 4 вечеринки в Хэллоуин,1
Именно так мама вернула их домой в восточные горы TN!,1
"Рецепт в порядке, возможно, добавить немного картофеля и бобов лучше, если в духовке станет сырой.",0
"Холли, ты прав, это так хорошо, единственное, что я сделал",1
"Это простой и вкусный рецепт.Я очень долго искал такого!Попробуйте, вам это понравится !!",1
"тесто слишком тонкое, печенье растопило вместе, и они вышли очень тонкими.вкус был в порядке.",0
Очень хороший вкус!Моей семье действительно понравилось это с жаркой из свинины и пюре.,1
Звучит очень вкусно,1
Это блюдо было прекрасным.Все мои гости похвалили это.,1
хорошая вещь.очень хорошие вещи.,1
"Один из лучших тыквенных хлеба, который я пробовал.",1
На вкус как курица,0
Слишком много перца для наших личных вкусов.,0
Очень легко заставить моей семье понравиться.,1
"Извините, но это совсем не сработало для меня.",0
"это Юми, если вы хотите попробовать что -нибудь, чтобы сбить носки, попробуйте краб бисквит",1
"Мне не понравилась последовательность, и я нашел ее слишком сладким.",0
Нам очень понравилась эта курица!Я добавил орегано в маринад и утроил чеснок.Люблю чеснок!,1
"Это не сработало для меня, это был мягкий беспорядок.",0
Это было фантастически.Моим детям это понравилось!,1
Я мог бы сказать после вкуса пищевой соды.Тонь!,0
"Отличные кексы.Я также бросил немного кокоса, около 1/2 чашки",1
"Это на вкус, как будто это пришло из специальной кафе.",1
это круто!Я только что заверил его.Это было так легко.любить это!,1
"Это хорошо!Раньше у меня был этот рецепт, и я потерял его.",1
Уч!Это привыкание.,1
"Я еще не пробовал, но когда я это сделаю, я буду использовать Cherry Cola",1
"Я не знаю, наслаждался ли я квакамоле или вступлением в этот рецепт больше всего.Оба великолепны!",1
С добавлением лука и потрескавшегося черного перца меня доставили обратно в детство в Канзасе.,1
Это было невероятно.Это обязательно попробовать для всех!,1
Это действительно отличное куриное блюдо.,1
Очень сухо и слишком лимони!,0
"Я заменил зеленый сладкий перец красным, и это было замечательно.",1
"Мы любим лук, но это один рецепт, который мы не будем пытаться снова.",0
странный.Просто странно.,0
"Извините, но мы просто не слишком много думали об этом рецепте.",0
Слишком много масла !!Нужно больше риса Криспи,0
Вместо этого кофе делает его плохим использованием кленового аромата.,0
"Извините, это не сработало для меня.Хорошая попытка.",0
"Этот рецепт был легким, и моим детям это понравилось!Было очень вкусно.",1
"Я сделал это без курицы, и это было все еще здорово",1
"Мммм, я люблю это.Довольно элегантно, и даже печеной, нравится это, если они не знают.",1
"Соус слишком тонкий, готовить время слишком долго",0
Это было здорово и очень легко сделать!,1
"Я делал эту пустыню годами.
Лучше с французским ванильным пудингом.
Еще лучше на следующий день.",1
"Я сделал это, и они были фантастическими.",1
"Это абсолютно лучший рецепт сальсы, который я когда -либо использовал!",1
"Точно так же, как моя мама делала замечательно.",1
Это было действительно хорошо.Все было равным со всем остальным.отличная работа!,1
Это также очень очень хорошо с свиными медальонами.Так всегда делала моя семья.Отличный рецепт!,1
"Я добавил немного больше сыра, чесночного порошка и брокколи.Это было здорово!!!",1
У него не было большого вкуса.,0
"Лучшее, и вы можете заморозить его.",1
"Мне понравилось, вкусно!",1
"мне не нравится этот рецепт, и я больше не сделаю его",0
"Извините, но никому не понравился этот картофель.Не было достаточно соуса для 4-5 фунтов используемого картофеля.",0
не очень хорошо вкус,0
"Лучшая одежда на основе Анчови, которую я нашел на сегодняшний день, нет.",1
Детям не нравился хрен!,0
"Я не знаю, но мой яблочный пирог намного лучше!",0
разочаровывает.Я не изменил рецепт.,0
Очень просто и замечательно.,1
Вержите этих плохих мальчиков с золотым сиропом Лайла или классом Вермонта «кленовый сироп».ммммм .......,1
"Каждый раз, когда я отбывал это, у меня есть восторженные отзывы !!",1
"очень хорошо, и моим детям это понравилось !!!",1
Райс был очень мягким и довольно скользким.Мне это совсем не понравилось.извини.,0
Легко сделать и вкусно,1
"Прекрасное печенье, они исчезли, как только они остыли! Так что я буду делать больше!",1
"Я также сделал это, чтобы пойти с лососью буханка - Yuck !!!!!определенно не впечатлен.",0
Это были супер и очень легко сделать.сделает их снова когда -нибудь.,1
"Мне жаль, но это было очень плохо, очень плохо.Это плохо пахло и на вкус ужасно.",0
"Это действительно легко сделать, но я думал, что это слишком жирное.",0
не очень хорошо вкусно и пахнет действительно отвратительным,0
Это просто «поворот» для традиционного яблочного пельмени.Фантастический десерт !!!!!!Я тоже люблю слоеное тесто !!!!,1
куда входит барбекю,0
Недостаточно ароматный для моей семьи.Мы нашли это очень мягким,0
"Я заменил 3 банана вместо цуккини, и это было очень вкусно!",1
"Они оказались такими же тяжелыми, как камни, что я сделал неправильно",0
Крылья звучат великолепно.Я определенно собираюсь попробовать их.,1
Я люблю бананы и любил это блюдо!,1
отлично.Идеальный соус для погружения листьев.,1
"Отличный аромат, отличный вкус.
добавлен 16 унций.банка нарезанных нарезанными кубиками помидоров в рецепте.",1
"это блюдо было хорошим в первые несколько кусочков, чем у уксуса.я не сделаю это снова",0
"Замените целое молоко на сливки, используйте овощные кубики Кнорра вместо овощного бульона.уменьшить маргарин.",1
Спасибо за этот рецепт.Это стало большим фаворитом с моей семьей.,1
не очень дорого.,0
не очень хорошо,0
"В воскресенье я попробовал это для пикника, и он ушел через полчаса.",1
Отлично ...... настоящий хороший вкус ...,1
"Быстрый, легкий и вкусный рецепт.",1
Лучший и самый простой в Интернете,1
Легко сделать и прекрасная дегустация !!!,1
"работает так же здорово, как кексы!",1
Не очень хорошо.Даже попытался оживить это и не был счастлив.,0
очень хорошо и легко сделать.,1
Лимон/белое вино было подавляющим и стало горькой курицы.Определенный нет,0
"Этот рецепт был потрясающим!Я взял его на воссоединение семьи, и это прошло через считанные минуты!",1
"Как ни странно, моей семье действительно это не понравилось.Мы даже не спасли остатки.",0
"определенно ужасно.Я думаю, что им нужна пищевая сода или разрыхлитель!",0
"Это отличный рецепт, его маленький, быстрый и отличный вкус.",1
"У меня не было горчичного масла, поэтому использовали канолу.очень вкусно.",1
"Эти печенья не оказались мягкими, и им понадобилось вечно, чтобы приготовить.",0
"В рецепте не указывается, сколько креветок требуется в рецепте ..",0
Это любимый у нас тоже!,1
"Блестящий!Мне нравится, что в нем нет яиц.Спасибо, Шерил.",1
"Замечательно, просто замечательно!",1
"Этот суп действительно сливочный и сытный.Еще один хранитель, чтобы добавить в мою коллекцию.Спасибо, что поделились.",1
"Извините, наши мальчики быстро выплюнули, слишком сладко и имели общий вкус",0
Это классика.,1
"Это было определенно слишком тяжелым, рассыпчатым и вообще не было очень похоже на пиццу.",0
"очень очень хорошо!Сыр - замечательная вещь!:)
Спасибо, что поделились этим рецептом!",1
Мне понравился этот рецепт!,1
"Соус является победителем в этом.Я бы сделал это для обеда, порции щедры.",1
Просто yum,1
Это невероятно хорошо!,1
"Умный ... интерактивный, веселый для всех!",1
"По какой -то причине это было очень горько.ПолемПолемМожет быть, это был тип пива.",0
"великий предприятие;Я настоятельно рекомендую это для всех, кто хочет приятную еду для пальцев.",1
вкусный!Я добавил немного зеленого лука .... вкусно и легко.,1
"Извините, мне просто не понравилось.Они были слишком богатыми и слишком милыми.",0
"Это просто красиво!
Спасибо за миллион!",1
это хороший и быстрый рецепт,1
"отличный.Я планирую попробовать это.
Что вы можете заменить, если кедровые орехи не в сезон?",1
"Мне это рекомендовали, и это было восхитительно.",1
Этот продукт слишком день.,0
"я был слишком сладким, и у него плохой вкус.",0
"Требуется слишком много времени, чтобы приготовить",0
Это было ужасно.Какая трата времени и еды.yucky,0
Я традиционно не люблю блюда из куриной запеканки.Этот был превосходным.,1
Это было не очень хорошо.Это было слишком мягко ... очень жаль.,0
ням ням!!Фанта-Фабболея!,1
Я добавил в эту заправку свежес тертый сыр пармезан;действительно хорошо!,1
"Извините, это, безусловно, не самое лучшее использование для перца.",0
"Это отличное блюдо.Это здорово, легко, быстро и так вкусно.",1
"Не слишком сухой, не слишком сладкий и очень арахисовый баттер.Я любил их, как и ребята.",1
"Извините, но мне это совсем не понравилось.На самом деле выбросил это.",0
"разочаровывает.Я хотел бы предложить, возможно, использовать только 1 чайную ложку паприки.",0
на самом деле не был нашим вкусом,0
Этот рецепт был хитом с моими гостями,1
"Этот рецепт был замечательным.Моя семья съела это, а потом хотела большего.",1
"Мне это совсем не понравилось.Это было не то, что я ожидал.Хотя это пахло действительно хорошо.",0
"Я не был большим поклонником этого рецепта.Я не думаю, что сделаю это снова",0
"Это не сработало, было сырым, не имело права на вкус, извините, это было хуже!",0
вам просто нужно добавить немного жидкого дыма в этот рецепт для последующего прикосновения .......,0
Что за хит!,1
"хмммм, хороший вкус, как будто я был в тако -колокольчике, лол",1
"Это потрясающе, я также добавил около 1 ч.л..приправы птицы.
Семья любит это.",1
Я сделал этот рецепт прошлой ночью.это было очень хорошо.Хороший и влажный.Спасибо за отличный рецепт.Нэнси,1
На вкус очень плохо,0
Это была еда.,0
"Замечательно, очень хорошо!",1
"я живу в юго -восточной луизиане.я жил здесь всю свою жизнь.
это не gumbo !!!!!!!!",0
Даже не близко к хорошему крабовому торту Мэриленда (Чес. Бэй).,0
"Этот рецепт был очень легко сделать, но он был сухим и безвкусным.",0
Я сделал это на ужин в День Матери.Это был большой удар!,1
"Не сложно, вкус чудесно",1
Это было просто нормально.Действительно не стоит усилий.,0
Я исправил этот пирог раньше и потерял получение спасибо за перепечатку ...,1
"Восхитительно, но нужно медленно готовить все различные фрагменты, чтобы вкусы взорвались в вашем окончательном блюде.",1
В этом рецепте отсутствуют 3 чашки молока!(добавлена в яичную смесь) Вот почему она сухо ...,0
"Это действительно не оказалось так здорово, как говорит каждый ... да, оставляйте кетчуп.",0
Это было абсолютно вкусно.,1
"Подготовлен, он выглядит хорошо, вкус - это плохой.",0
"отличный.Будьте уверены, чтобы не держать его более чем на час, это идеально в то время.",1
"Я не мог ничего попробовать за пределами муки, хотя я накапливал специи и тыкву.",0
"Вкусный рецепт, хорошо в эти холодные ночи!",1
Вы пробовали это блюдо ??,0
Чистая кулинарная магия.Вам будет трудно найти более творческий рецепт.Браво.,1
"Вкус корицы через этот пудинг божественный.Лучший рисовый пудинг, который я на самом деле попробовал.
""=""",1
Я точно следовал этому рецепту и даже добавил свежие помидоры Кампари и сметану.это было отвратительно.,0
не заботился о запахе и вкуса черного солодки.,0
Супер просто.Очень вкусно!,1
очень хорошо ..... превосходная идея на обед ..,1
Этот рецепт просто не сработал для меня.Комбинация специй вообще не была привлекательной.,0
Я использовал консервированный сладкий картофель вместо «настоящих».Полем. но это все еще было превосходно!,1
"Вы не шутили о том, что это комфортная еда.Это было восхитительно.",1
Очень хорошо и легко собрать вместе.Я испекла это на 325 в течение 2 часов.,1
Я получил комплименты от семьи на этом.Это было легко и было великолепно.,1
"Отличный рецепт.Сделал 8 банок.лол, спасибо тебе.",1
"Это было ужасно!водянистый, нет вещества ...",0
"Рис превратился в Мюш, а курица на вкус как клей.",0
Моя просто не была достаточно густой ...,0
"Хотел наслаждаться этим, но у меня вообще не было вкуса.Компост -мусорная корзина наслаждалась этим, простите.",0
"жевательные и вкусные, с правильной смесью специй.Лучше, чем моя мама !!!!",1
"Извините, это просто не сработало для меня",0
На вкус как томатный суп.может вместо этого какая -то томатная паста?,0
"Почти нет вкуса.Определенно нужно больше чего -то - может быть, сальса?",0
"Очень простой и отличная дегустация.Я использовал Гауду, и она вышла с приятным мягким вкусом.",1
это было средним.Это просто не соответствовало моему вкусу.Слишком оригинал.,0
У тебя никогда не будет кровавых помидоров в кодле !!,0
очень легко ... красивое мягкое тесто ... спасибо,1
Легко исправить и отличный способ заставить детей впервые попробовать Sauerbraten.,1
"В этом должно быть отсутствие ингредиента, например, разрыхлитель.Они были ужасны.",0
"Добавлен этот рецепт в мой файл рецепта .. очень великолепно, было не сложно сделать.",1
"Абсолютно прекрасно и вкусно, как то, что я ел, живя в Англии!",1
"Я использовал арктический шар, и это было супер, спасибо",1
Абсолютно вкусно! Я подал их в качестве гарнира с рыбой на гриле.,1
"Эта cud не меньше, чем лучшее!",1
простой и элегантный;Трудно пойти не так со свининой и яблоками.,1
"Я делал это в течение 10 лет.Их легко сделать, обновлять и всегда большой удар.",1
"О да, это вкусно!",1
"очень хорошо, вкусно",1
"Просто вкусно, чистый рай",1
"Приготовлено 3 часа на низком уровне.Пудинг был сухим, и нам не нравился аромат.
извини",0
Мне очень понравился этот суп.Я съел четыре миски!,1
кремовые ингредиенты и специи должны быть добавлены к концу времени приготовления.,0
"Я попробовал рецепт, это было восхитительно.получил много комментариев.это было легко сделать.занял около часа.",1
"Очень мягкий кекс, не очень сладкий.Почти слишком нежно.Не грубо, но я больше не сделаю их.",0
неряшливый!Также лучше нагретый день 2.,0
"Этот рецепт был ужасным.Они были сухими, а рис все еще был тяжелым !!",0
Слишком ореховый и липкий.не впечатлен!!!,0
Легко и вкусно!,1
Мы пройдем в следующий раз.извини.,0
"Вау, это фантастика!И так легко!",1
Отлично и очень легко сделать,1
Это Yummmy !!!!!Идеальное угощение для любителей шоколада по всему миру!,1
"Это идеальный рецепт, потому что он простой, но вкусно.Даже моему придирчивому парню понравилось блюдо.",1
"Отлично подходит для воскресного позднего завтрака !!Сделайте дополнительный сироп, это было так хорошо!",1
"Действительно хорошо, очень легко!",1
Моей семье очень понравилось,1
"Вкус хороший, текстура ужасна.Нужен разрыхлитель?",0
Легко сделать и на вкус отлично,1
"Это замечательно очень просто, но я использовал приготовленный пудинг.имеет больше вкуса лимонного пирога",1
Лучше всего было в течение долгого времени 19.07.01,1
"это хорошая идея, но мне не нравится картофельная идея, но все равно welldone !!",0
Действительно просто и действительно вкусно ... теперь любимый на моей кухне,1
Отличное блюдо.,1
абсолютно замечательный!не изменит ничего.Соус отлично почувствует курицу!,1
"Этот суп был очень хорошим, всей моей семье понравилась это, я сделаю это снова.",1
Этот хлеб цуккини - лучший!,1
ничего в этом рецепте вообще не звучит хорошо.ничто из этого даже не сочетается.,0
используется на ребрах babyback.не рекомендую.порошок чили подавлял.,0
Я также попробовал наземную индейку и тоже не заботился о конечном результате.,0
"Если вы добавите в этот рецепт 2-3 столовой ложки эспрессо, это вкусное дополнение",1
Это хорошая еда для людей.,1
"извините, но это было действительно сухо.",0
Это очень хорошее вегетарианское блюдо.Хотя я немного пошел на шпинате.,1
Это вообще не получилось.,0
Я всегда использую это масло,1
"Это было восхитительно, майонез дал лосося прекрасный вкус, и на вершине был отличный «хруст».""=""",1
Направления не очень ясны,0
Отличный рецепт!Я хотел бы поставить ноги под стол Джойс ...!Линда,1
"Чипсы были теплыми, пиво было холодным, гуакамоле был отличным !!""=""",1
вкусный.Я заменяю лук шалотом и добавляю немного сельдерея.,1
"Нет настоящих помидоров!Слишком много приправы, которые противоречат другим",0
"ингредиенты звучат хорошо, но где указания? я понятия не имею, как даже начать делать это!",0
Я согласен с MS.парки.это очень хорошо.,1
"Я прав, а не шутка.Это один из старейших в книге",0
"Это очень легко и о, так вкусно !!!!!Семейный фаворит !!!!!",1
так легко.Наряду с великолепным вкусом делает этот рецепт суперзвездой.,1
ух ты!Какой сказочный торт !!,1
Этот торт был совсем не так хорош.,0
"Не в хорошем рецепте сквоша не хватает определенного вкуса.больше похоже на мусор, чем съедобная еда",0
очень вкусно и легко сделать,1
Я не использовал томатную пасту.Просто все свежие.Так было очень хорошо.,1
Это было замечательно !!!!!!!! Я сделаю это снова.Мишель б.,1
"Легко сделать, на вкус превосходно, рекомендуется всем !!",1
"1/2 черного оливкового нарезания?Никто не будет компромищено в отношении того, что он подавляет.",0
"Я дал это старой попытки колледжа, но имя в значительной степени говорит обо всем.",0
"Слишком сухая смесь, кексы должны быть мягкими и влажными.",0
"Извините, мне это совсем не понравилось.недостаточно сладкий.",0
"хороший!Легко сделать, и у него был хороший мейнти!",1
следовал инструкциям.Действительно не понравилось это.Пришлось бросить и начать ужин.,0
"К сожалению, я просто подумал, что это ужасно.",0
Это было вкусно и так просто.Моя шестилетняя племянница даже сделала это сама.Это такая здоровая закуска.,1
Очень легко подготовить и замечательно!,1
Я использовал только 1/4 с.вместо 1/2 c.горчица в топпинге.Это восхитительное изменение для нас!,1
Мы не заботились о вкусе этой сальсы.,0
Этот хлеб простой и вкусной!,1
"Хранение чеснока в масле может вызвать ботулизм.См. Статью на веб -сайте Health Canada:

http://www.hc-sc.gc.ca/iyh-vsv/food-alient/garlic-ail_e.html",0
"Извините, но я нашел это довольно простым и неинтересным.Это не понравилось нашей семье.",0
"Рецепты легче следовать, когда измерения печатаются в чашках, TSP.и т. д.",0
Они делают замечательную здоровую закуску.,1
За эти годы я пробовал много рецептов бананового хлеба - и это лучше всего.,1
Настоящий освежитель!Хотел бы я насладиться этим вместе с холодным клубничным соком :),1
Это было не чем и чем крылья Хутера.,0
"Замечательно, очень хорошо сочетается с супом.",1
"Отличный тыквенный рулет, очень вкусно.Я добавляю орехи пекан поверх начинки из сливочного сыра",1
"Я попробовал этот сыр.Это оказалось очень жирным.очень жаль.Я закончил тем, что выбрасывал это.",0
трата времени и ингредиентов.,0
не имеет хороших запахов смешно,0
"очень хорошо добавлено меньше пасты, гость, который у нас был, очень наслаждается этим",1
Я действительно не видел разницы,0
Удивительно легкая текстура.вкусный,1
Очень похож на лучшие пирожные Херши на сайте рецепта.вкусный.,1
"Сложный рецепт, но прохладный.",0
"Прекрасный хлеб, прекрасно пахнет во время выпечки.",1
Это было абсолютно вкусно!Спасибо!!,1
"Один из лучших рецептов Crockpot еще !!Быстро, легко и вкусно.",1
"звучит здорово.
Я бы добавил несколько нарезанных кубиками сельдерея.",1
Это было слишком соленое для нас.,0
"Отличный способ «нарядить» бобы.
Действительно вкусно.""=""",1
Я сделал это для себя.,0
Я ел все это за один присест !!,1
"Это должно быть одним из лучших печенья, которые я когда -либо пробовал, просто божественно!""=""",1
"Это хорошо!Они напоминают мне о пирогах мотыга, которую делала моя мама.",1
я согласен!Трудно перестать есть их!Я уже сделал 2 партии!,1
Отлично ... я искал приличный рецепт Браваса целую вечность !!!,1
"Это было худшее, что -то должно быть не так в рецепте.Попробуйте еще один",0
Это отличное тушеное мясо для оленины или говядины.Также здорово заморозить на потом.,1
"отлично!И если вы хотите добавить немного больше, попробуйте добавить немного курицы вместе с сыром.Престо!Цыпленок кесадиллы!",1
Я все еще пускаю слюни.(я съел 3 части самостоятельно. Я такая свинья),1
"больше похоже на плохой блин духовки, чем на поповер.",0
"Не используйте оставшуюся индейку!Турция имеет слишком много ароматизации птицы, которая запутывает любой «мексиканский» вкус.",0
"Рецепт должен был готовить только час, если бы это было выбросить его, все сгорело!",0
Абсолютно!Это было хорошо над рисом.,1
Наша семья нашла этот рецепт просто вкусным и простым в создании.,1
"напоминает мне о некоторых продуктах, которые они подали мне в больнице.",0
Действительно сочный.Устрицы с очень уникальным вкусом.,1
"абсолютно неправильное количество муки.я испортил совершенно хороший дорогой торт, используя этот рецепт.",0
"Извините, но это было совсем не то, на что я надеялся ....",0
Не так здорово,0
"Слишком сухо, лучше, если сначала подрумянкой в кастрюле.",0
"Моей семье действительно понравилось.Большие дети были закончились, и они действительно сожрали это.Спасибо",1
На вкус отлично !!должен попробовать очень легко и имеет много аромата,1
"Невероятно овощной, вонючий.пустая трата хорошего ягненка.",0
Вся моя семья любила это.очень очень хорошо.,1
"Слишком соленый для нас.
Спасибо, что поделился!",0
это так просто и хорошо ... и давайте не забудем упоминать дешево дешево,1
Я был разочарован этими барами .... извините,0
"Мне жаль сказать, что это был большой ""Юк""!Наше мнение было не тратить качественные ингредиенты.",0
Хороший легкий вкусный способ заняться куриной грудью!Отличный рецепт,1
Пепперончини перец и рассол разрушает все это.Делает это неразученным !!,0
"Извините, это было просто просто.Я с нетерпением ждал этого, но ароматы просто не хорошо смешивались.",0
"очень хорошо!Сделал это более одного раза, и это так доброжелательно в восторге!",1
"Не держался вместе, никаких хлебных крошек, муки, овсянки, ничего не сработало для меня.",0
Это не имел вкуса.,0
Я действительно собираюсь попробовать это,1
"Люблю этот рецепт!Это было здорово, ничто из -за питания другого ингредиента.",1
Неполезно соленый.Я выбросил это.,0
"Как вы утверждаете, что это Bun Bo (говядина лапша), когда нет говядины?",0
"Вкусный, как делал мама.Я использовал замороженный горох вместо консервированных овощей, и это получилось отличным !!",1
"Честно говоря, я вообще не очень люблю приготовленный шпинат.Извините, что этот рецепт не передумал.",0
Абсолютно восхитительный рецепт!богатый и ароматный!,1
"Этот рецепт был действительно легко сделать, но моя семья вообще не заботилась о нем.",0
"Поистине замечательно!Легкий, отличный вкус и делает большое количество, хотя сальса быстро исчезает.",1
Это было круто!кусочки бекона дали ему отличный вкус !!!!!,1
"Этот суп самый простой и самый вкусный суп, который я когда -либо имел.Елена Оливьери",1
"Прекрасно, я добавил в него и свежепримененный имбирь с 1 чайной ложкой.",1
"Рецепт нуждается в большем количестве влаги и приправы.Не рекомендуется, даже для рецепта наблюдателей за весом.",0
Комбинация колбасы просто не сработала для меня.Я буду придерживаться итальянской колбасы.,0
Я искал такой рецепт.Семья любит это ....,1
"Очень вкусно и легко сделать.
В следующий раз я сокрачу коричневый сахар.",1
действительно вкусно.Это заставило весь дом наполненным и отличным ароматом.,1
Этот рецепт был очень разочаровывающим.Они были пустой тратой времени и денег.Я не сделаю их снова.,0
"Слишком острый, и запах свиной кожуры был ошеломляющим",0
Очень легко сделать и попробовать.Я обязательно сделаю это снова.Рыба так много вкуса.Емм !!!,1
"одно из худших тестов, которые я когда -либо пробовал.",0
"Крафт имел это на рынке.Этот рецепт так же хорош, если не лучше.",1
"Захлал вкусную кулинарию, но абсолютно никакого вкуса.",0
очень хороший!!Я обрезал корицу примерно до 1/4 ч. л.,1
Супер рецепт и оооочень легко.,1
"ага!Все мои маленькие друзья любили это больше, чем когда -либо могут выразить слова!",1
"Способ сладкого, это на питании ребра.Не очень хороший втирание для ребер.проходить.",0
"Мне очень понравился этот рецепт, но я приготовил его на плите вместо микроволновой печи .......",1
"Быстро и легко сделать, и все они любили их!Спасибо за рецепт.",1
"Какая трата времени и усилий.Обжаривание, как правило, высушивает кукурузу, не помогло.",0
"В ингредиентах нет ячменя, ни чечевицы, ни разделенного гороха",0
"Отличный способ начать день.Это сделано как раз вовремя, чтобы насладиться, прежде чем идти на работу",1
"Хрустящие сырные пальцы ... вкусные, сыр, сливочный, отличный с падением !!!",1
"Отличный рецепт для греческого картофеля! Спасибо, т,",1
Это легко сделать и очень хорошо.,1
был как -то мягкий на мой вкус.Однако это было легко.,0
"Легко сделать, но пустая трата калорий.Очень разочарован, так как мне нравится комбинация шоколада и миндаля.",0
"Отличная идея, но вкус не был хорошим.",0
не понравилось.,0
Это было превосходно на тосте закваски.,1
халапеньо ... это маленькие действительно действительно горячие?Если так ой! ... если нет ... ням!,1
"Я приготовил это отличное блюдо для легкой, простой еды.Это было сказочно.",1
"Одно слово, чтобы описать это было бы - прекрасно !!",1
Это блюдо было превосходным.Соус оказался замечательным и был отличным выбором для свиных отбивных!,1
"нет, этот рецепт действительно баварский крем, он же ваниль.",0
"Я добавил порошок карри, чтобы джазовать их.",1
"Легко сделать, но очень сухой и безвкусной.",0
Это были совершенно вкусные парни,1
ОГРОБНАЯ !!Семья ненавидела это.никогда не сделает это снова.,0
"Легкая, семья любила их",1
следовал за указаниями точно.Слишком много уксуса.,0
"Я играл с количеством, но конечные результаты были определенно отличными.

Сельви",1
"я сделал это, и это было средним. не так хорошо, как мы надеялись.",0
не был в вкус,0
"я просто не могу поверить, сколько жира в этом рецепте.тоговая !!!",0
"Я понятия не имею, что пошло не так.Все, что я получил, это зернистый, сухой беспорядок.",0
Это было очень хорошо.Трудно съесть только один кусок.,1
"Я всегда ищу хорошие китайские рецепты, и это один из них!Это обязательно!",1
"Я думаю, что этот был дистанцированным!(без каламбура)
Тонь!",0
"Этот рецепт был превосходным - очень понравился
Спасибо !!!!!!!!!!",1
"Я попробовал это, и мне это не понравилось, но мой муж сделал.",0
Очень сливочный и хороший.,1
Потрясающе .... дети любили это !!!!!,1
И в хот -догах у Чили никогда не бывает бобов!Тонь!,0
Просто действительно хорошая и пряная сальса,1
это мои дочери все время любимым,1
Маффины никогда не запекались и пробовали мягкие.,0
14 чайных ложек мускатного ореха заставили меня страдать от отравления мускатным орехом.Не используйте этот рецепт!,0
абсолютно ужасно.Вместо этого у нас была Венди!,0
"Это было прекрасно, я добавил горстку грубых нарезанных орехов кешью для хруста",1
Ну ... это не Берек .. это пита .. и есть лучшие пломбы ..,0
Моей семье и мне это не понравилось.Это было немного горько.,0
"Извините, но я не получаю то, что все в восторге.Никто в моей семье не нравится.",0
вкусный!!!Это было ультра-тихое!,1
"Имел это на ужин, было очень хорошо.",1
прохладный.Я бы использовал оливковое масло Extra Virgin.Также я бы добавил часовую тр. Семена кунжута.,1
"Очень простой рецепт, чтобы понять очень хорошо!Спасибо, персики",1
"Это вкусно!Я добавил 1/2 чашки нарезанных грецких орехов, очень хорошо.",1
Этот рецепт не сработал.,0
"Просто следуйте этому рецепту и
испечить эти ужасные вкусные, отходы
продукта и временных кексов.",0
"Это был очень хороший пирог, но я думаю, что он мог бы использовать больше сыра.",1
"не такой вид, когда пошеро пампанго хорошо известен ... рецептами призывы к бурро бананы",0
Отлично просто подготовлен.Классик.,1
"Это второй раз, когда я это сделал.Это говорит вам, что рецепт отличный.
Вам это понравится.",1
Это здорово отправиться в офис при завтраке.,1
"Я пробовал множество отличных провалов здесь, на Зааре, это было не одним из них.извини",0
"Отличный рецепт.Так легко сделать.О, так вкусно.",1
Это блюдо всегда хит!,1
"Не могу дождаться, чтобы попробовать этот вкусный рецепт",1
"Это не сработало.К тому времени, когда бекон нагрелся, сыр таял повсюду.",0
"В рецепте нет киви!

Это шоколадное печенье - фруктовые ингредиенты не перечислены!",0
Абсолютно небесно!Я люблю фета!,1
"Я сделал это сегодня, и соус очень сливочный и очень вкусный.очень легко сделать.",1
"Определенно не Pappadeaux: цвет, текстура, аромат отключен.На вкус как теплое молоко с приворами раков.",0
"Я просто не думал, что это был хороший чип.",0
Это никогда не затвердевает для меня,0
Абсолютно отвратительно,0
Отличная и отличная дегустация.Легкая подготовка !!!!!Моему госте это понравилось!:-),1
"Это было не очень хорошо.Слишком милый, и мужей это тоже не понравилось.извини!",0
"Большое спасибо за этот рецепт.Я искал идеальную сальсу, и это заполняет счет!Линда c.из Канзаса",1
"Это простой, но вкусный рецепт",1
"вкусно, но слишком богато для меня",0
Лимон был слишком много.Никто из нас не заботился об этом.извини.,0
"картофель был недооценен.это, вероятно, следует приготовить, прежде чем вы накладываете его на запеканку.",0
Нам это совсем не понравилось.Соус был действительно тонким и просто не предложил достаточно вкуса.,0
оказался мягким и мягким.даже ребенок не съел бы это!пропустить это.,0
"Это ужасно плохо.ты действительно должен иметь
другое имя.",0
Извините ... я прочитал обзор всех.Я пытался это понравиться.Я действительно сделал.Это просто мне не подходило.,0
"Я ненавидел это, но это дало мне отличную оценку в классе испанского языка.",0
"Вы, этот пирог вообще не настроился.На вкус тоже было довольно мягкое.
пропусти это.",0
"Этот берет чернику и поднимает ее на новый уровень.Абсолютно лучшее, что я когда -либо делал.",1
"Единственное, что я бы сделал, это сделать больше соуса - замечательно над Орзо.",1
"Это так же, как мама.очень хороший.",1
"Это делает для плотных, несъедобных блинов.Не беспокойтесь.Даже со всем этим разрыхлителем они не поднимаются!",0
Концентрат был слишком сильным.Свежий вкус арбуза был потерян.,0
"Суп имеет отличный вкус, и его так легко приготовить.",1
"я следовал указаниям, но что -то пошло не так, рецепт вышел липким и невозможным.",0
"Спасибо, завтра я приношу это блюдо на пикник!искренне Дебби р",1
Это отличный рецепт.Это делает даже наименее опытный повар отличным.,1
"Когда я исправил это, моя семья сошла с ума от этого !!
Спасибо за рецепт.",1
"Невероятный аромат, легкий и быстрый, но на вкус как дело на весь день.",1
это так хорошо охлаждено или жарко,1
"Этот рецепт не понравился мне. Это было очень легко сделать, но мне не понравился вкус",0
нужно больше вкуса.,0
"Это было совсем не хорошо, на вкус как курица с Catsup.не сделает это снова.",0
"Слишком много кислоты, и оставил курицу немного влажной.",0
"Я должен был обратиться к другому обзору, но это было плохо.очень мягкий.Не рекомендую.",0
"Вааай слишком много петрушки, по моему скромному мнению.Я обнаружил, что это ошеломляет вкус картофеля.",0
"Они, вероятно, не будут длиться долго в моем холодильнике-они слишком вкусные!",1
"Это было очень легко сделать, но мне это не очень понравилось.",0
Это выглядит сказочно и отлично сочетается со своей свежей клюквой от Игл -Ривер Виасинки.,1
Это было восхитительно.,1
"Ах, да.Превосходно на лето.Это помогло мне ударить мою привычку смузи.",1
"Это очень хорошее блюдо.Просто, но вкусно",1
Хорошее изменение на День Благодарения типичных рецептов сладкого картофеля.,1
"Они все еще продолжают оказаться сильно, как я могу сделать их более мягкими",0
"Это настоящий хороший торт, но я использую 1 ч. Л.Имбирь тоже.

дерево:)",1
"Печенье вышло из торта.Не то, что я ожидал от сахарного печенья.",0
"Только что закончил облизывать мои пальцы - о, так хорошо.",1
Этот вкус отлично !!!!!!Даже мой 3 года.Старый любил это,1
это лучшее!,1
"Действительно отличный гулаш, я не могу дождаться, чтобы сделать это снова!",1
Сказочный и простой рецепт!я люблю это!,1
"пахнет лучше, чем на вкус",0
нам вообще не понравился рецепт.во многих сухарях.это как бы заставило тебя заткнуть.не сделает это снова.,0
"Отлично, когда сделано из ягненка.",1
"Направления были достаточно просты, но блюдо просто не было очень хорошим.",0
"Это было слишком кислым для меня.Я не знаю почему, но это было.",0
"Легко сделать, очень вкусно и наполняет !!!Мой техасский муж любил это ...",1
"супер рецепт, но я добавил к нему чеснок",1
"Очень хорошая смесь ароматов.Я пропустил миндаль, и это было здорово.",1
Это потрясающий рецепт.Очень легко может и удивительно вкусно !!,1
"Полностью следовал направлению ..

Извините, не был впечатлен.",0
"Это пахло хорошо, но на вкус ужасно.очень сухой.Я был очень разочарован.",0
"Отлично и очень легко сделать.подается над «простой» рисом басмати, и комбинация прекрасна.",1
очень мягкий.Сделал намного больше 4 порций.,0
"суп не был таким хорошим, я думаю, что что -то не осталось",0
Это потрясающее блюдо !!!Вся моя семья любила это !!,1
я действительно не заботился о них. они просто не для меня.,0
"Вау, это совсем не очень здорово.Посмотрите на все жир!",0
рецепт очень легко приготовить. но его вкус очень плохой.,0
Легкий городок и вкусно.,1
Этот десерт очень легко приготовить и вкусно !!!,1
"Очень хорошо, отлично подходит для хорошего, полезного обеда.",1
"Боже!Это так хорошо!Я сделал это для офиса, и женщинам это понравилось!",1
Это было здорово и действительно легко сделать.,1
"Все, что я могу сказать, это ... ням !!",1
это вряд ли стоит попробовать.,0
"Легко сделать, но семья не съела бы это :(",0
"Я сделал это в прошлом, и это вкусно!",1
"Любое мороженое, которое могут сделать дети, замечательно.И пудинг дает хороший кремовый вкус.",1
"Я раньше запекал эти бискотти, и они превосходны.Я так рад, что смог снова найти рецепт.",1
Мне это не понравилось,0
"Это было ужасно, это совсем не поднялось!Текстура была ужасной, не понимаю, почему рецепт не сработал.",0
это было очень хорошо.Легко сделать это было лучшей частью.,1
"Звучит действительно облюбие-что-то «я»
хотел бы попробовать!Спасибо!
 Френч!",1
"Красная капуста не квашеная.

Это следует называть красной капустой со пряными фрикадельками.",0
"Я заменяю пасту из цельной пшеницы, чтобы увеличить клетчатку.это вкусно.",1
"Хорошо, хорошо, хорошо!очень декадент.",1
"это виноватое удовольствие, но мне нравится жить в этом время от времени",1
"Это было здорово !!! Наверное, лучший рецепт с этого сайта.Я скоро сделаю это снова.попробуй !!!!",1
"Это было что -то так легко сделать, и так вкусно и вкусно !!!!!!!!!!!!!!!!!!!!!!",1
Этот рецепт превышает рейтинг.в среднем в лучшем случае.Нет запросов на секунды от моей семьи.,0
Ужасно!пустая трата авокадо.,0
Придется согласиться с некоторыми из предыдущих комментариев - масло нужно сократить.,0
"Извините, но я нашел этот рецепт очень мягким.не стоит всех усилий.",0
"Все, что я могу сказать, это - Йоуза !!!",1
"Ребра вышли нежными и сделанные идеально, однако, соус просто не согласился с нашими вкусовыми рецепторами.",0
"это было нормально, но очень просто",0
"Мы обнаружили, что это очень мягко, выбросили остатки.разочаровывает, учитывая все высокие обзоры.",0
"Хороший рецепт, моим детям это понравилось.",1
Этот рецепт замечательный.на вкус как мед и яблоки.это здорово.Спасибо.,1
Хммм .... отлично!,1
Отлично в следующий раз придется сделать двойную партию,1
"Вкусная цыпленка Я использовал миссис Дэш, а не лимонный перец.Как сказано все быстро и хорошо!Спасибо",1
"Определенно слишком водянистый, не очень сладкий, жидкий.не сделает снова.",0
Не фанат соуса для этого куриного блюда.,0
"Теперь этот должен умереть за фантастическую ранетую
Вы должны попробовать ...",1
"Извините, но мои дети ненавидели это.",0
Спасибо!!!!!!!!Я мог бы даже отпраздновать Рождество ...,1
рецепт вышел очень сырым.это было почти несовершеннолетнего !!,0
Это была ужасная смесь.Можно также сделать снимки.В следующий раз я определенно использую традиционную микс.,0
с высоким содержанием жира (не ниже) содержание поехает мясо быстрее,0
"Этот рецепт настолько прост, как и восхитительно. Я бы посоветовал вам попробовать !!!",1
"Очень близко к креветкам здесь, в Акапулько.",1
"очень вкусно.Спасибо, что поделились этим.",1
вне этого мира ..fantastic ...,1
Все это понравилось.Я сделал это дважды в неделю.Я поместил его в морозильник в отдельных порциях.,1
"Просто, но вкусно.Я использовал нарезанный миндаль (поджаренный) в качестве ореха и добавил немного имбирного порошка.вкусный!",1
"Придется согласиться с ""Джеффсмомом"".Они были недоварены в середине и тщательно.даже внуки не нравились ...",0
"Идея была отличной, но они похожи на жевательную резину.Спасибо за попытку.",0
"Этот рецепт написан таким образом, который невозможно попытаться следовать или понять.Это катастрофа.",0
Плохие направления на фруктах. ли лимонс-лимонные цедры или сок?То же самое для ананасов.,0
Прекрасная утешительная еда,1
"моя мука не коричневая, и я нашел ее безвкусным",0
Слишком мило,0
"мммммм !!!Это звучит так хорошо.собираюсь попробовать это в следующие дни, Джинни",0
Он на вкус как утолщенный суп на лапше.,0
"Попробуйте еще раз со свежим кориандром Bergy .. Это вкусно !!""=""",1
Легко сделать .. и вкус и аромат из этого мира ....,1
"Это было так хорошо, что вы ели в закусочной очень очень хорошо",1
"этот материал неприятный, это ужасно, ты !!!!",0
"Это просто не имела одолжения, на которую надеялись.Я не знаю почему.",0
"Тонь!Нет аромата и не выходил хрустящим, как крекер.",0
"Отлично, хотя для личного вкуса я бы использовал только одну ложку уксуса",1
мне жаль.Я не мог съесть это.,0
Вустерширский соус нечего делать в настоящем швейцарском фонде !!!Это как надеть кетчуп на суши!,0
вкусный.Богатый и Моиз.легко сделать,1
это ужасно.выбросил все печенье.,0
"потрясающий!!!Это один из F Лучшая гладкая сальса, которую я когда -либо имел!",1
"Легко подготовить, Tasty был настоящим победителем.воля
Используйте для моего ужина на День Благодарения.",1
ненавидел это!!!!!!!!!!!!Мне пришлось много оживить.не будет делать это снова,0
Это было очень легко!И вкусно!,1
Это отлично подходит для барбекю.Вместо зеленой фасоли я добавляю банку детской моркови.,1
"Отличные блины !!Спасибо, что поделился.",1
"Вы бы даже не узнали, что это цуккини.Одурачил моих детей!",1
Мясо было много переваренного и жесткого.Рекомендуется более короткое время приготовления.,0
"Это вообще не было на вкус вообще, как гироскопы.И аромат, и текстура были далеко.чрезвычайно мягкий.",0
"Извините, но это не стоило времени или ингредиентов.Мы даже не ели все это.",0
фантастика ... вкус теплых яблок и аромата с чашкой горячего кофе ...,1
Ей нравилось это,1
"Один из лучших провалов, также хорошо использованных в качестве спреда для сэндвичей для вечеринок.",1
"Это простой рецепт, но, на мой взгляд, способ сладкого и пути к рассыпчанию.",0
"Этот чай ужасен. Это звучит красиво, но у него нет вкуса, и он очень просто.",0
"Что бы это ни было, это не венгерский.",0
Очень хорошо и очень легко.,1
"Это действительно отличный рецепт - но это прямо из книги Дэвида Руджерио.Спасибо, Дэвид!",1
"Я сделал это для работы всем, кому бы все понравилось.Это было очень легко сделать.Кэролин",1
"чтобы умереть, лучше всего ..",1
Дюмм!Период приготовление пищи в лучшем виде!,1
"это хорошо!Я искал простой способ сделать чили, который хорош, и теперь я нашел его!
Спасибо!",1
"Попробуйте, как печенье, но весело для детей.",0
"очень впечатляет, как мать делает",1
"привет.может, я просто плохой повар.",0
"четко,


Девять выстрелов заслуживают не менее пяти звезд.Жесткий, детка!",1
"Извините, нам это совсем не понравилось.Слишком много натрия, и соус не придерживается лапши.",0
ммм ... это даже рецепт?,0
"Очень легко сделать, хороший вкус и текстура.",1
"eeeeeeeeeeew !!я попробовал этот рецепт .... все, что я должен сказать, это eeeeewww ....",0
"Я думаю, что этот рецепт потрясающий.На вкус он вкусно, и всей моей семье понравилось.",1
Абсолютно вкусно для обеда или легкого ужина.,1
Грубый путь к большому чесноку.Это была пустая трата времени и усилий.,0
Это отличный простой рецепт.,1
